Instrument,DSPLY_NMLL,COUNTRY
ADACOV=ECI,NCOV19 Act Cases RTR,AND
ADCCOV=ECI,NCOV19 Tot Cases RTR,AND
ADCOVD=ECI,COVID19 Tot Cases WHO,AND
ADDCOV=ECI,NCOV19 Deaths RTR,AND
ADNCOV=ECI,NCOV19 New Cases RTR,AND
ADRCOV=ECI,NCOV19 Recovered RTR,AND
AEACOV=ECI,NCOV19 Act Cases RTR,ARE
AECCOV=ECI,NCOV19 Tot Cases RTR,ARE
AECOVD=ECI,COVID19 Tot Cases WHO,ARE
AEDCOV=ECI,NCOV19 Deaths RTR,ARE
AENCOV=ECI,NCOV19 New Cases RTR,ARE
AERCOV=ECI,NCOV19 Recovered RTR,ARE
AFACOV=ECI,NCOV19 Act Cases RTR,AFG
AFCCOV=ECI,NCOV19 Tot Cases RTR,AFG
AFCOVD=ECI,COVID19 Tot Cases WHO,AFG
AFDCOV=ECI,NCOV19 Deaths RTR,AFG
AFNCOV=ECI,NCOV19 New Cases RTR,AFG
AFRCOV=ECI,NCOV19 Recovered RTR,AFG
AGACOV=ECI,NCOV19 Act Cases RTR,ATG
AGCCOV=ECI,NCOV19 Tot Cases RTR,ATG
AGCOVD=ECI,COVID19 Tot Cases WHO,ATG
AGDCOV=ECI,NCOV19 Deaths RTR,ATG
AGNCOV=ECI,NCOV19 New Cases RTR,ATG
AGRCOV=ECI,NCOV19 Recovered RTR,ATG
AIACOV=ECI,NCOV19 Act Cases RTR,AIA
AICCOV=ECI,NCOV19 Tot Cases RTR,AIA
AICOVD=ECI,COVID19 Tot Cases WHO,AIA
AIDCOV=ECI,NCOV19 Deaths RTR,AIA
AINCOV=ECI,NCOV19 New Cases RTR,AIA
AIRCOV=ECI,NCOV19 Recovered RTR,AIA
ALACOV=ECI,NCOV19 Act Cases RTR,ALB
ALCCOV=ECI,NCOV19 Tot Cases RTR,ALB
ALCOVD=ECI,COVID19 Tot Cases WHO,ALB
ALDCOV=ECI,NCOV19 Deaths RTR,ALB
ALNCOV=ECI,NCOV19 New Cases RTR,ALB
ALRCOV=ECI,NCOV19 Recovered RTR,ALB
AMACOV=ECI,NCOV19 Act Cases RTR,ARM
AMCCOV=ECI,NCOV19 Tot Cases RTR,ARM
AMCOVD=ECI,COVID19 Tot Cases WHO,ARM
AMDCOV=ECI,NCOV19 Deaths RTR,ARM
AMNCOV=ECI,NCOV19 New Cases RTR,ARM
AMRCOV=ECI,NCOV19 Recovered RTR,ARM
AOACOV=ECI,NCOV19 Act Cases RTR,AGO
AOCCOV=ECI,NCOV19 Tot Cases RTR,AGO
AOCOVD=ECI,COVID19 Tot Cases WHO,AGO
AODCOV=ECI,NCOV19 Deaths RTR,AGO
AONCOV=ECI,NCOV19 New Cases RTR,AGO
AORCOV=ECI,NCOV19 Recovered RTR,AGO
ARACOV=ECI,NCOV19 Act Cases RTR,ARG
ARCCOV=ECI,NCOV19 Tot Cases RTR,ARG
ARCOVD=ECI,COVID19 Tot Cases WHO,ARG
ARDCOV=ECI,NCOV19 Deaths RTR,ARG
ARNCOV=ECI,NCOV19 New Cases RTR,ARG
ARRCOV=ECI,NCOV19 Recovered RTR,ARG
ATACOV=ECI,NCOV19 Act Cases RTR,AUT
ATCCOV=ECI,NCOV19 Tot Cases RTR,AUT
ATCOVD=ECI,COVID19 Tot Cases WHO,AUT
ATDCOV=ECI,NCOV19 Deaths RTR,AUT
ATNCOV=ECI,NCOV19 New Cases RTR,AUT
ATRCOV=ECI,NCOV19 Recovered RTR,AUT
AUACOV=ECI,NCOV19 Act Cases RTR,AUS
AUCCOV=ECI,NCOV19 Tot Cases RTR,AUS
AUCOVD=ECI,COVID19 Tot Cases WHO,AUS
AUDCOV=ECI,NCOV19 Deaths RTR,AUS
AUNCOV=ECI,NCOV19 New Cases RTR,AUS
AURCOV=ECI,NCOV19 Recovered RTR,AUS
AWACOV=ECI,NCOV19 Act Cases RTR,ABW
AWCCOV=ECI,NCOV19 Tot Cases RTR,ABW
AWCOVD=ECI,COVID19 Tot Cases WHO,ABW
AWDCOV=ECI,NCOV19 Deaths RTR,ABW
AWNCOV=ECI,NCOV19 New Cases RTR,ABW
AWRCOV=ECI,NCOV19 Recovered RTR,ABW
AXACOV=ECI,NCOV19 Act Cases RTR,ALA
AXCCOV=ECI,NCOV19 Tot Cases RTR,ALA
AXDCOV=ECI,NCOV19 Deaths RTR,ALA
AXNCOV=ECI,NCOV19 New Cases RTR,ALA
AXRCOV=ECI,NCOV19 Recovered RTR,ALA
AZACOV=ECI,NCOV19 Act Cases RTR,AZE
AZCCOV=ECI,NCOV19 Tot Cases RTR,AZE
AZCOVD=ECI,COVID19 Tot Cases WHO,AZE
AZDCOV=ECI,NCOV19 Deaths RTR,AZE
AZNCOV=ECI,NCOV19 New Cases RTR,AZE
AZRCOV=ECI,NCOV19 Recovered RTR,AZE
BAACOV=ECI,NCOV19 Act Cases RTR,BIH
BACCOV=ECI,NCOV19 Tot Cases RTR,BIH
BACOVD=ECI,COVID19 Tot Cases WHO,BIH
BADCOV=ECI,NCOV19 Deaths RTR,BIH
BANCOV=ECI,NCOV19 New Cases RTR,BIH
BARCOV=ECI,NCOV19 Recovered RTR,BIH
BBACOV=ECI,NCOV19 Act Cases RTR,BRB
BBCCOV=ECI,NCOV19 Tot Cases RTR,BRB
BBCOVD=ECI,COVID19 Tot Cases WHO,BRB
BBDCOV=ECI,NCOV19 Deaths RTR,BRB
BBNCOV=ECI,NCOV19 New Cases RTR,BRB
BBRCOV=ECI,NCOV19 Recovered RTR,BRB
BDACOV=ECI,NCOV19 Act Cases RTR,BGD
BDCCOV=ECI,NCOV19 Tot Cases RTR,BGD
BDCOVD=ECI,COVID19 Tot Cases WHO,BGD
BDDCOV=ECI,NCOV19 Deaths RTR,BGD
BDNCOV=ECI,NCOV19 New Cases RTR,BGD
BDRCOV=ECI,NCOV19 Recovered RTR,BGD
BEACOV=ECI,NCOV19 Act Cases RTR,BEL
BECCOV=ECI,NCOV19 Tot Cases RTR,BEL
BECOVD=ECI,COVID19 Tot Cases WHO,BEL
BEDCOV=ECI,NCOV19 Deaths RTR,BEL
BENCOV=ECI,NCOV19 New Cases RTR,BEL
BERCOV=ECI,NCOV19 Recovered RTR,BEL
BFACOV=ECI,NCOV19 Act Cases RTR,BFA
BFCCOV=ECI,NCOV19 Tot Cases RTR,BFA
BFCOVD=ECI,COVID19 Tot Cases WHO,BFA
BFDCOV=ECI,NCOV19 Deaths RTR,BFA
BFNCOV=ECI,NCOV19 New Cases RTR,BFA
BFRCOV=ECI,NCOV19 Recovered RTR,BFA
BGACOV=ECI,NCOV19 Act Cases RTR,BGR
BGCCOV=ECI,NCOV19 Tot Cases RTR,BGR
BGCOVD=ECI,COVID19 Tot Cases WHO,BGR
BGDCOV=ECI,NCOV19 Deaths RTR,BGR
BGNCOV=ECI,NCOV19 New Cases RTR,BGR
BGRCOV=ECI,NCOV19 Recovered RTR,BGR
BHACOV=ECI,NCOV19 Act Cases RTR,BHR
BHCCOV=ECI,NCOV19 Tot Cases RTR,BHR
BHCOVD=ECI,COVID19 Tot Cases WHO,BHR
BHDCOV=ECI,NCOV19 Deaths RTR,BHR
BHNCOV=ECI,NCOV19 New Cases RTR,BHR
BHRCOV=ECI,NCOV19 Recovered RTR,BHR
BJACOV=ECI,NCOV19 Act Cases RTR,BEN
BJCCOV=ECI,NCOV19 Tot Cases RTR,BEN
BJCOVD=ECI,COVID19 Tot Cases WHO,BEN
BJDCOV=ECI,NCOV19 Deaths RTR,BEN
BJNCOV=ECI,NCOV19 New Cases RTR,BEN
BJRCOV=ECI,NCOV19 Recovered RTR,BEN
BMACOV=ECI,NCOV19 Act Cases RTR,BMU
BMCCOV=ECI,NCOV19 Tot Cases RTR,BMU
BMCOVD=ECI,COVID19 Tot Cases WHO,BMU
BMDCOV=ECI,NCOV19 Deaths RTR,BMU
BMNCOV=ECI,NCOV19 New Cases RTR,BMU
BMRCOV=ECI,NCOV19 Recovered RTR,BMU
BNACOV=ECI,NCOV19 Act Cases RTR,BRN
BNCCOV=ECI,NCOV19 Tot Cases RTR,BRN
BNCOVD=ECI,COVID19 Tot Cases WHO,BRN
BNDCOV=ECI,NCOV19 Deaths RTR,BRN
BNNCOV=ECI,NCOV19 New Cases RTR,BRN
BNRCOV=ECI,NCOV19 Recovered RTR,BRN
BOACOV=ECI,NCOV19 Act Cases RTR,BOL
BOCCOV=ECI,NCOV19 Tot Cases RTR,BOL
BOCOVD=ECI,COVID19 Tot Cases WHO,BOL
BODCOV=ECI,NCOV19 Deaths RTR,BOL
BONCOV=ECI,NCOV19 New Cases RTR,BOL
BORCOV=ECI,NCOV19 Recovered RTR,BOL
BRACOV=ECI,NCOV19 Act Cases RTR,BRA
BRCCOV=ECI,NCOV19 Tot Cases RTR,BRA
BRCOVD=ECI,COVID19 Tot Cases WHO,BRA
BRDCOV=ECI,NCOV19 Deaths RTR,BRA
BRNCOV=ECI,NCOV19 New Cases RTR,BRA
BRRCOV=ECI,NCOV19 Recovered RTR,BRA
BSACOV=ECI,NCOV19 Act Cases RTR,BHS
BSCCOV=ECI,NCOV19 Tot Cases RTR,BHS
BSCOVD=ECI,COVID19 Tot Cases WHO,BHS
BSDCOV=ECI,NCOV19 Deaths RTR,BHS
BSNCOV=ECI,NCOV19 New Cases RTR,BHS
BSRCOV=ECI,NCOV19 Recovered RTR,BHS
BTACOV=ECI,NCOV19 Act Cases RTR,BTN
BTCCOV=ECI,NCOV19 Tot Cases RTR,BTN
BTCOVD=ECI,COVID19 Tot Cases WHO,BTN
BTDCOV=ECI,NCOV19 Deaths RTR,BTN
BTNCOV=ECI,NCOV19 New Cases RTR,BTN
BTRCOV=ECI,NCOV19 Recovered RTR,BTN
BWACOV=ECI,NCOV19 Act Cases RTR,BWA
BWCCOV=ECI,NCOV19 Tot Cases RTR,BWA
BWCOVD=ECI,COVID19 Tot Cases WHO,BWA
BWDCOV=ECI,NCOV19 Deaths RTR,BWA
BWNCOV=ECI,NCOV19 New Cases RTR,BWA
BWRCOV=ECI,NCOV19 Recovered RTR,BWA
BYACOV=ECI,NCOV19 Act Cases RTR,BLR
BYCCOV=ECI,NCOV19 Tot Cases RTR,BLR
BYCOVD=ECI,COVID19 Tot Cases WHO,BLR
BYDCOV=ECI,NCOV19 Deaths RTR,BLR
BYNCOV=ECI,NCOV19 New Cases RTR,BLR
BYRCOV=ECI,NCOV19 Recovered RTR,BLR
BZACOV=ECI,NCOV19 Act Cases RTR,BLZ
BZCCOV=ECI,NCOV19 Tot Cases RTR,BLZ
BZCOVD=ECI,COVID19 Tot Cases WHO,BLZ
BZDCOV=ECI,NCOV19 Deaths RTR,BLZ
BZNCOV=ECI,NCOV19 New Cases RTR,BLZ
BZRCOV=ECI,NCOV19 Recovered RTR,BLZ
CAACOV=ECI,NCOV19 Act Cases RTR,CAN
CACCOV=ECI,NCOV19 Tot Cases RTR,CAN
CACOVD=ECI,COVID19 Tot Cases WHO,CAN
CADCOV=ECI,NCOV19 Deaths RTR,CAN
CANCOV=ECI,NCOV19 New Cases RTR,CAN
CARCOV=ECI,NCOV19 Recovered RTR,CAN
CDACOV=ECI,NCOV19 Act Cases RTR,COD
CDCCOV=ECI,NCOV19 Tot Cases RTR,COD
CDCOVD=ECI,COVID19 Tot Cases WHO,COD
CDDCOV=ECI,NCOV19 Deaths RTR,COD
CDNCOV=ECI,NCOV19 New Cases RTR,COD
CDRCOV=ECI,NCOV19 Recovered RTR,COD
CFACOV=ECI,NCOV19 Act Cases RTR,CAF
CFCCOV=ECI,NCOV19 Tot Cases RTR,CAF
CFCOVD=ECI,COVID19 Tot Cases WHO,CAF
CFDCOV=ECI,NCOV19 Deaths RTR,CAF
CFNCOV=ECI,NCOV19 New Cases RTR,CAF
CFRCOV=ECI,NCOV19 Recovered RTR,CAF
CGACOV=ECI,NCOV19 Act Cases RTR,COG
CGCCOV=ECI,NCOV19 Tot Cases RTR,COG
CGCOVD=ECI,COVID19 Tot Cases WHO,COG
CGDCOV=ECI,NCOV19 Deaths RTR,COG
CGNCOV=ECI,NCOV19 New Cases RTR,COG
CGRCOV=ECI,NCOV19 Recovered RTR,COG
CHACOV=ECI,NCOV19 Act Cases RTR,CHE
CHCCOV=ECI,NCOV19 Tot Cases RTR,CHE
CHCOVD=ECI,COVID19 Tot Cases WHO,CHE
CHDCOV=ECI,NCOV19 Deaths RTR,CHE
CHNCOV=ECI,NCOV19 New Cases RTR,CHE
CHRCOV=ECI,NCOV19 Recovered RTR,CHE
CIACOV=ECI,NCOV19 Act Cases RTR,CIV
CICCOV=ECI,NCOV19 Tot Cases RTR,CIV
CICOVD=ECI,COVID19 Tot Cases WHO,CIV
CIDCOV=ECI,NCOV19 Deaths RTR,CIV
CINCOV=ECI,NCOV19 New Cases RTR,CIV
CIRCOV=ECI,NCOV19 Recovered RTR,CIV
CLACOV=ECI,NCOV19 Act Cases RTR,CHL
CLCCOV=ECI,NCOV19 Tot Cases RTR,CHL
CLCOVD=ECI,COVID19 Tot Cases WHO,CHL
CLDCOV=ECI,NCOV19 Deaths RTR,CHL
CLNCOV=ECI,NCOV19 New Cases RTR,CHL
CLRCOV=ECI,NCOV19 Recovered RTR,CHL
CMACOV=ECI,NCOV19 Act Cases RTR,CMR
CMCCOV=ECI,NCOV19 Tot Cases RTR,CMR
CMCOVD=ECI,COVID19 Tot Cases WHO,CMR
CMDCOV=ECI,NCOV19 Deaths RTR,CMR
CMNCOV=ECI,NCOV19 New Cases RTR,CMR
CMRCOV=ECI,NCOV19 Recovered RTR,CMR
CNACOV=ECI,NCOV19 Act Cases RTR,CHN
CNCCOV=ECI,NCOV19 Tot Cases RTR,CHN
CNCOVD=ECI,COVID19 Tot Cases WHO,CHN
CNDCOV=ECI,NCOV19 Deaths RTR,CHN
CNNCOV=ECI,NCOV19 New Cases RTR,CHN
CNRCOV=ECI,NCOV19 Recovered RTR,CHN
COACOV=ECI,NCOV19 Act Cases RTR,COL
COCCOV=ECI,NCOV19 Tot Cases RTR,COL
COCOVD=ECI,COVID19 Tot Cases WHO,COL
CODCOV=ECI,NCOV19 Deaths RTR,COL
CONCOV=ECI,NCOV19 New Cases RTR,COL
CORCOV=ECI,NCOV19 Recovered RTR,COL
CRACOV=ECI,NCOV19 Act Cases RTR,CRI
CRCCOV=ECI,NCOV19 Tot Cases RTR,CRI
CRCOVD=ECI,COVID19 Tot Cases WHO,CRI
CRDCOV=ECI,NCOV19 Deaths RTR,CRI
CRNCOV=ECI,NCOV19 New Cases RTR,CRI
CRRCOV=ECI,NCOV19 Recovered RTR,CRI
CUACOV=ECI,NCOV19 Act Cases RTR,CUB
CUCCOV=ECI,NCOV19 Tot Cases RTR,CUB
CUCOVD=ECI,COVID19 Tot Cases WHO,CUB
CUDCOV=ECI,NCOV19 Deaths RTR,CUB
CUNCOV=ECI,NCOV19 New Cases RTR,CUB
CURCOV=ECI,NCOV19 Recovered RTR,CUB
CVACOV=ECI,NCOV19 Act Cases RTR,   
CVCCOV=ECI,NCOV19 Tot Cases RTR,   
CVCOVD=ECI,COVID19 Tot Cases WHO,CPV
CVDCOV=ECI,NCOV19 Deaths RTR,   
CVNCOV=ECI,NCOV19 New Cases RTR,   
CVRCOV=ECI,NCOV19 Recovered RTR,   
CWACOV=ECI,NCOV19 Act Cases RTR,CUW
CWCCOV=ECI,NCOV19 Tot Cases RTR,CUW
CWCOVD=ECI,COVID19 Tot Cases WHO,CUW
CWDCOV=ECI,NCOV19 Deaths RTR,CUW
CWNCOV=ECI,NCOV19 New Cases RTR,CUW
CWRCOV=ECI,NCOV19 Recovered RTR,CUW
CYACOV=ECI,NCOV19 Act Cases RTR,CYP
CYCCOV=ECI,NCOV19 Tot Cases RTR,CYP
CYCOVD=ECI,COVID19 Tot Cases WHO,CYP
CYDCOV=ECI,NCOV19 Deaths RTR,CYP
CYNCOV=ECI,NCOV19 New Cases RTR,CYP
CYRCOV=ECI,NCOV19 Recovered RTR,CYP
CZACOV=ECI,NCOV19 Act Cases RTR,CZE
CZCCOV=ECI,NCOV19 Tot Cases RTR,CZE
CZCOVD=ECI,COVID19 Tot Cases WHO,CZE
CZDCOV=ECI,NCOV19 Deaths RTR,CZE
CZNCOV=ECI,NCOV19 New Cases RTR,CZE
CZRCOV=ECI,NCOV19 Recovered RTR,CZE
DEACOV=ECI,NCOV19 Act Cases RTR,DEU
DECCOV=ECI,NCOV19 Tot Cases RTR,DEU
DECOVD=ECI,COVID19 Tot Cases WHO,DEU
DEDCOV=ECI,NCOV19 Deaths RTR,DEU
DENCOV=ECI,NCOV19 New Cases RTR,DEU
DERCOV=ECI,NCOV19 Recovered RTR,DEU
DJACOV=ECI,NCOV19 Act Cases RTR,DJI
DJCCOV=ECI,NCOV19 Tot Cases RTR,DJI
DJCOVD=ECI,COVID19 Tot Cases WHO,DJI
DJDCOV=ECI,NCOV19 Deaths RTR,DJI
DJNCOV=ECI,NCOV19 New Cases RTR,DJI
DJRCOV=ECI,NCOV19 Recovered RTR,DJI
DKACOV=ECI,NCOV19 Act Cases RTR,DNK
DKCCOV=ECI,NCOV19 Tot Cases RTR,DNK
DKCOVD=ECI,COVID19 Tot Cases WHO,DNK
DKDCOV=ECI,NCOV19 Deaths RTR,DNK
DKNCOV=ECI,NCOV19 New Cases RTR,DNK
DKRCOV=ECI,NCOV19 Recovered RTR,DNK
DMACOV=ECI,NCOV19 Act Cases RTR,DMA
DMCCOV=ECI,NCOV19 Tot Cases RTR,DMA
DMCOVD=ECI,COVID19 Tot Cases WHO,DMA
DMDCOV=ECI,NCOV19 Deaths RTR,DMA
DMNCOV=ECI,NCOV19 New Cases RTR,DMA
DMRCOV=ECI,NCOV19 Recovered RTR,DMA
DOACOV=ECI,NCOV19 Act Cases RTR,DOM
DOCCOV=ECI,NCOV19 Tot Cases RTR,DOM
DOCOVD=ECI,COVID19 Tot Cases WHO,DOM
DODCOV=ECI,NCOV19 Deaths RTR,DOM
DONCOV=ECI,NCOV19 New Cases RTR,DOM
DORCOV=ECI,NCOV19 Recovered RTR,DOM
DZACOV=ECI,NCOV19 Act Cases RTR,DZA
DZCCOV=ECI,NCOV19 Tot Cases RTR,DZA
DZCOVD=ECI,COVID19 Tot Cases WHO,DZA
DZDCOV=ECI,NCOV19 Deaths RTR,DZA
DZNCOV=ECI,NCOV19 New Cases RTR,DZA
DZRCOV=ECI,NCOV19 Recovered RTR,DZA
ECACOV=ECI,NCOV19 Act Cases RTR,ECU
ECCCOV=ECI,NCOV19 Tot Cases RTR,ECU
ECCOVD=ECI,COVID19 Tot Cases WHO,ECU
ECDCOV=ECI,NCOV19 Deaths RTR,ECU
ECNCOV=ECI,NCOV19 New Cases RTR,ECU
ECRCOV=ECI,NCOV19 Recovered RTR,ECU
EEACOV=ECI,NCOV19 Act Cases RTR,EST
EECCOV=ECI,NCOV19 Tot Cases RTR,EST
EECOVD=ECI,COVID19 Tot Cases WHO,EST
EEDCOV=ECI,NCOV19 Deaths RTR,EST
EENCOV=ECI,NCOV19 New Cases RTR,EST
EERCOV=ECI,NCOV19 Recovered RTR,EST
EGACOV=ECI,NCOV19 Act Cases RTR,EGY
EGCCOV=ECI,NCOV19 Tot Cases RTR,EGY
EGCOVD=ECI,COVID19 Tot Cases WHO,EGY
EGDCOV=ECI,NCOV19 Deaths RTR,EGY
EGNCOV=ECI,NCOV19 New Cases RTR,EGY
EGRCOV=ECI,NCOV19 Recovered RTR,EGY
EHACOV=ECI,NCOV19 Act Cases RTR,
EHCCOV=ECI,NCOV19 Tot Cases RTR,
EHDCOV=ECI,NCOV19 Deaths RTR,
EHNCOV=ECI,NCOV19 New Cases RTR,
EHRCOV=ECI,NCOV19 Recovered RTR,
ERACOV=ECI,NCOV19 Act Cases RTR,ERI
ERCCOV=ECI,NCOV19 Tot Cases RTR,ERI
ERDCOV=ECI,NCOV19 Deaths RTR,ERI
ERNCOV=ECI,NCOV19 New Cases RTR,ERI
ERRCOV=ECI,NCOV19 Recovered RTR,ERI
ESACOV=ECI,NCOV19 Act Cases RTR,ESP
ESCCOV=ECI,NCOV19 Tot Cases RTR,ESP
ESCOVD=ECI,COVID19 Tot Cases WHO,ESP
ESDCOV=ECI,NCOV19 Deaths RTR,ESP
ESNCOV=ECI,NCOV19 New Cases RTR,ESP
ESRCOV=ECI,NCOV19 Recovered RTR,ESP
ETACOV=ECI,NCOV19 Act Cases RTR,ETH
ETCCOV=ECI,NCOV19 Tot Cases RTR,ETH
ETCOVD=ECI,COVID19 Tot Cases WHO,ETH
ETDCOV=ECI,NCOV19 Deaths RTR,ETH
ETNCOV=ECI,NCOV19 New Cases RTR,ETH
ETRCOV=ECI,NCOV19 Recovered RTR,ETH
FIACOV=ECI,NCOV19 Act Cases RTR,FIN
FICCOV=ECI,NCOV19 Tot Cases RTR,FIN
FICOVD=ECI,COVID19 Tot Cases WHO,FIN
FIDCOV=ECI,NCOV19 Deaths RTR,FIN
FINCOV=ECI,NCOV19 New Cases RTR,FIN
FIRCOV=ECI,NCOV19 Recovered RTR,FIN
FJACOV=ECI,NCOV19 Act Cases RTR,FJI
FJCCOV=ECI,NCOV19 Tot Cases RTR,FJI
FJCOVD=ECI,COVID19 Tot Cases WHO,FJI
FJDCOV=ECI,NCOV19 Deaths RTR,FJI
FJNCOV=ECI,NCOV19 New Cases RTR,FJI
FJRCOV=ECI,NCOV19 Recovered RTR,FJI
FKACOV=ECI,NCOV19 Act Cases RTR,FLK
FKCCOV=ECI,NCOV19 Tot Cases RTR,FLK
FKCOVD=ECI,COVID19 Tot Cases WHO,FLK
FKDCOV=ECI,NCOV19 Deaths RTR,FLK
FKNCOV=ECI,NCOV19 New Cases RTR,FLK
FKRCOV=ECI,NCOV19 Recovered RTR,FLK
FOACOV=ECI,NCOV19 Act Cases RTR,FRO
FOCCOV=ECI,NCOV19 Tot Cases RTR,FRO
FOCOVD=ECI,COVID19 Tot Cases WHO,FRO
FODCOV=ECI,NCOV19 Deaths RTR,FRO
FONCOV=ECI,NCOV19 New Cases RTR,FRO
FORCOV=ECI,NCOV19 Recovered RTR,FRO
FRACOB=ECI,NCOV19 Act Cases St Barth RTR,BLM
FRACOM=ECI,NCOV19 Act Cases St Martin RTR,MAF
FRACOV=ECI,NCOV19 Act Cases RTR,FRA
FRCCOB=ECI,NCOV19 Tot Cases St Barth RTR,BLM
FRCCOM=ECI,NCOV19 Tot Cases St Martin RTR,MAF
FRCCOV=ECI,NCOV19 Tot Cases RTR,FRA
FRCOVB=ECI,COVID19 Tot Cases St Barth WHO,BLM
FRCOVD=ECI,COVID19 Tot Cases WHO,FRA
FRCOVM=ECI,COVID19 Tot Cases St Martin WHO,MAF
FRDCOB=ECI,NCOV19 Deaths St Barth RTR,BLM
FRDCOM=ECI,NCOV19 Deaths St Martin RTR,MAF
FRDCOV=ECI,NCOV19 Deaths RTR,FRA
FRNCOB=ECI,NCOV19 New Cases St Barth RTR,BLM
FRNCOM=ECI,NCOV19 New Cases St Martin RTR,MAF
FRNCOV=ECI,NCOV19 New Cases RTR,FRA
FRRCOB=ECI,NCOV19 Recovered St Barth RTR,BLM
FRRCOM=ECI,NCOV19 Recovered St Martin RTR,MAF
FRRCOV=ECI,NCOV19 Recovered RTR,FRA
GAACOV=ECI,NCOV19 Act Cases RTR,GAB
GACCOV=ECI,NCOV19 Tot Cases RTR,GAB
GACOVD=ECI,COVID19 Tot Cases WHO,GAB
GADCOV=ECI,NCOV19 Deaths RTR,GAB
GANCOV=ECI,NCOV19 New Cases RTR,GAB
GARCOV=ECI,NCOV19 Recovered RTR,GAB
GBACOV=ECI,NCOV19 Act Cases RTR,GBR
GBCCOV=ECI,NCOV19 Tot Cases RTR,GBR
GBCOVD=ECI,COVID19 Tot Cases WHO,GBR
GBDCOV=ECI,NCOV19 Deaths RTR,GBR
GBNCOV=ECI,NCOV19 New Cases RTR,GBR
GBRCOV=ECI,NCOV19 Recovered RTR,GBR
GDACOV=ECI,NCOV19 Act Cases RTR,GRD
GDCCOV=ECI,NCOV19 Tot Cases RTR,GRD
GDCOVD=ECI,COVID19 Tot Cases WHO,GRD
GDDCOV=ECI,NCOV19 Deaths RTR,GRD
GDNCOV=ECI,NCOV19 New Cases RTR,GRD
GDRCOV=ECI,NCOV19 Recovered RTR,GRD
GEACOV=ECI,NCOV19 Act Cases RTR,GEO
GECCOV=ECI,NCOV19 Tot Cases RTR,GEO
GECOVD=ECI,COVID19 Tot Cases WHO,GEO
GEDCOV=ECI,NCOV19 Deaths RTR,GEO
GENCOV=ECI,NCOV19 New Cases RTR,GEO
GERCOV=ECI,NCOV19 Recovered RTR,GEO
GFACOV=ECI,NCOV19 Act Cases RTR,GUF
GFCCOV=ECI,NCOV19 Tot Cases RTR,GUF
GFCOVD=ECI,COVID19 Tot Cases WHO,GUF
GFDCOV=ECI,NCOV19 Deaths RTR,GUF
GFNCOV=ECI,NCOV19 New Cases RTR,GUF
GFRCOV=ECI,NCOV19 Recovered RTR,GUF
GGCOVD=ECI,COVID19 Tot Cases WHO,GGY
GHACOV=ECI,NCOV19 Act Cases RTR,GHA
GHCCOV=ECI,NCOV19 Tot Cases RTR,GHA
GHCOVD=ECI,COVID19 Tot Cases WHO,GHA
GHDCOV=ECI,NCOV19 Deaths RTR,GHA
GHNCOV=ECI,NCOV19 New Cases RTR,GHA
GHRCOV=ECI,NCOV19 Recovered RTR,GHA
GIACOV=ECI,NCOV19 Act Cases RTR,GIB
GICCOV=ECI,NCOV19 Tot Cases RTR,GIB
GICOVD=ECI,COVID19 Tot Cases WHO,GIB
GIDCOV=ECI,NCOV19 Deaths RTR,GIB
GINCOV=ECI,NCOV19 New Cases RTR,GIB
GIRCOV=ECI,NCOV19 Recovered RTR,GIB
GLACOV=ECI,NCOV19 Act Cases RTR,GRL
GLCCOV=ECI,NCOV19 Tot Cases RTR,GRL
GLCOVD=ECI,COVID19 Tot Cases WHO,GRL
GLDCOV=ECI,NCOV19 Deaths RTR,GRL
GLNCOV=ECI,NCOV19 New Cases RTR,GRL
GLRCOV=ECI,NCOV19 Recovered RTR,GRL
GMACOV=ECI,NCOV19 Act Cases RTR,GMB
GMCCOV=ECI,NCOV19 Tot Cases RTR,GMB
GMCOVD=ECI,COVID19 Tot Cases WHO,GMB
GMDCOV=ECI,NCOV19 Deaths RTR,GMB
GMNCOV=ECI,NCOV19 New Cases RTR,GMB
GMRCOV=ECI,NCOV19 Recovered RTR,GMB
GNACOV=ECI,NCOV19 Act Cases RTR,GIN
GNCCOV=ECI,NCOV19 Tot Cases RTR,GIN
GNCOVD=ECI,COVID19 Tot Cases WHO,GIN
GNDCOV=ECI,NCOV19 Deaths RTR,GIN
GNNCOV=ECI,NCOV19 New Cases RTR,GIN
GNRCOV=ECI,NCOV19 Recovered RTR,GIN
GPACOV=ECI,NCOV19 Act Cases RTR,GLP
GPCCOV=ECI,NCOV19 Tot Cases RTR,GLP
GPCOVD=ECI,COVID19 Tot Cases WHO,GLP
GPDCOV=ECI,NCOV19 Deaths RTR,GLP
GPNCOV=ECI,NCOV19 New Cases RTR,GLP
GPRCOV=ECI,NCOV19 Recovered RTR,GLP
GQACOV=ECI,NCOV19 Act Cases RTR,GNQ
GQCCOV=ECI,NCOV19 Tot Cases RTR,GNQ
GQCOVD=ECI,COVID19 Tot Cases WHO,GNQ
GQDCOV=ECI,NCOV19 Deaths RTR,GNQ
GQNCOV=ECI,NCOV19 New Cases RTR,GNQ
GQRCOV=ECI,NCOV19 Recovered RTR,GNQ
GRACOV=ECI,NCOV19 Act Cases RTR,GRC
GRCCOV=ECI,NCOV19 Tot Cases RTR,GRC
GRCOVD=ECI,COVID19 Tot Cases WHO,GRC
GRDCOV=ECI,NCOV19 Deaths RTR,GRC
GRNCOV=ECI,NCOV19 New Cases RTR,GRC
GRRCOV=ECI,NCOV19 Recovered RTR,GRC
GTACOV=ECI,NCOV19 Act Cases RTR,GTM
GTCCOV=ECI,NCOV19 Tot Cases RTR,GTM
GTCOVD=ECI,COVID19 Tot Cases WHO,GTM
GTDCOV=ECI,NCOV19 Deaths RTR,GTM
GTNCOV=ECI,NCOV19 New Cases RTR,GTM
GTRCOV=ECI,NCOV19 Recovered RTR,GTM
GUACOV=ECI,NCOV19 Act Cases RTR,GUM
GUCCOV=ECI,NCOV19 Tot Cases RTR,GUM
GUCOVD=ECI,COVID19 Tot Cases WHO,GUM
GUDCOV=ECI,NCOV19 Deaths RTR,GUM
GUNCOV=ECI,NCOV19 New Cases RTR,GUM
GURCOV=ECI,NCOV19 Recovered RTR,GUM
GWACOV=ECI,NCOV19 Act Cases RTR,GNB
GWCCOV=ECI,NCOV19 Tot Cases RTR,GNB
GWCOVD=ECI,COVID19 Tot Cases WHO,GNB
GWDCOV=ECI,NCOV19 Deaths RTR,GNB
GWNCOV=ECI,NCOV19 New Cases RTR,GNB
GWRCOV=ECI,NCOV19 Recovered RTR,GNB
GYACOV=ECI,NCOV19 Act Cases RTR,GUY
GYCCOV=ECI,NCOV19 Tot Cases RTR,GUY
GYCOVD=ECI,COVID19 Tot Cases WHO,GUY
GYDCOV=ECI,NCOV19 Deaths RTR,GUY
GYNCOV=ECI,NCOV19 New Cases RTR,GUY
GYRCOV=ECI,NCOV19 Recovered RTR,GUY
HKACOV=ECI,NCOV19 Act Cases RTR,HKG
HKCCOV=ECI,NCOV19 Tot Cases RTR,HKG
HKDCOV=ECI,NCOV19 Deaths RTR,HKG
HKNCOV=ECI,NCOV19 New Cases RTR,HKG
HKRCOV=ECI,NCOV19 Recovered RTR,HKG
HNACOV=ECI,NCOV19 Act Cases RTR,HND
HNCCOV=ECI,NCOV19 Tot Cases RTR,HND
HNCOVD=ECI,COVID19 Tot Cases WHO,HND
HNDCOV=ECI,NCOV19 Deaths RTR,HND
HNNCOV=ECI,NCOV19 New Cases RTR,HND
HNRCOV=ECI,NCOV19 Recovered RTR,HND
HRACOV=ECI,NCOV19 Act Cases RTR,HRV
HRCCOV=ECI,NCOV19 Tot Cases RTR,HRV
HRCOVD=ECI,COVID19 Tot Cases WHO,HRV
HRDCOV=ECI,NCOV19 Deaths RTR,HRV
HRNCOV=ECI,NCOV19 New Cases RTR,HRV
HRRCOV=ECI,NCOV19 Recovered RTR,HRV
HTACOV=ECI,NCOV19 Act Cases RTR,HTI
HTCCOV=ECI,NCOV19 Tot Cases RTR,HTI
HTCOVD=ECI,COVID19 Tot Cases WHO,HTI
HTDCOV=ECI,NCOV19 Deaths RTR,HTI
HTNCOV=ECI,NCOV19 New Cases RTR,HTI
HTRCOV=ECI,NCOV19 Recovered RTR,HTI
HUACOV=ECI,NCOV19 Act Cases RTR,HUN
HUCCOV=ECI,NCOV19 Tot Cases RTR,HUN
HUCOVD=ECI,COVID19 Tot Cases WHO,HUN
HUDCOV=ECI,NCOV19 Deaths RTR,HUN
HUNCOV=ECI,NCOV19 New Cases RTR,HUN
HURCOV=ECI,NCOV19 Recovered RTR,HUN
IDACOV=ECI,NCOV19 Act Cases RTR,IDN
IDCCOV=ECI,NCOV19 Tot Cases RTR,IDN
IDCOVD=ECI,COVID19 Tot Cases WHO,IDN
IDDCOV=ECI,NCOV19 Deaths RTR,IDN
IDNCOV=ECI,NCOV19 New Cases RTR,IDN
IDRCOV=ECI,NCOV19 Recovered RTR,IDN
IEACOV=ECI,NCOV19 Act Cases RTR,IRL
IECCOV=ECI,NCOV19 Tot Cases RTR,IRL
IECOVD=ECI,COVID19 Tot Cases WHO,IRL
IEDCOV=ECI,NCOV19 Deaths RTR,IRL
IENCOV=ECI,NCOV19 New Cases RTR,IRL
IERCOV=ECI,NCOV19 Recovered RTR,IRL
ILACOV=ECI,NCOV19 Act Cases RTR,ISR
ILCCOV=ECI,NCOV19 Tot Cases RTR,ISR
ILCOVD=ECI,COVID19 Tot Cases WHO,ISR
ILDCOV=ECI,NCOV19 Deaths RTR,ISR
ILNCOV=ECI,NCOV19 New Cases RTR,ISR
ILRCOV=ECI,NCOV19 Recovered RTR,ISR
IMACOV=ECI,NCOV19 Act Cases RTR,IMN
IMCCOV=ECI,NCOV19 Tot Cases RTR,IMN
IMCOVD=ECI,COVID19 Tot Cases WHO,IMN
IMDCOV=ECI,NCOV19 Deaths RTR,IMN
IMNCOV=ECI,NCOV19 New Cases RTR,IMN
IMRCOV=ECI,NCOV19 Recovered RTR,IMN
INACOV=ECI,NCOV19 Act Cases RTR,IND
INCCOV=ECI,NCOV19 Tot Cases RTR,IND
INCOVD=ECI,COVID19 Tot Cases WHO,IND
INDCOV=ECI,NCOV19 Deaths RTR,IND
INNCOV=ECI,NCOV19 New Cases RTR,IND
INRCOV=ECI,NCOV19 Recovered RTR,IND
IQACOV=ECI,NCOV19 Act Cases RTR,IRQ
IQCCOV=ECI,NCOV19 Tot Cases RTR,IRQ
IQCOVD=ECI,COVID19 Tot Cases WHO,IRQ
IQDCOV=ECI,NCOV19 Deaths RTR,IRQ
IQNCOV=ECI,NCOV19 New Cases RTR,IRQ
IQRCOV=ECI,NCOV19 Recovered RTR,IRQ
IRACOV=ECI,NCOV19 Act Cases RTR,IRN
IRCCOV=ECI,NCOV19 Tot Cases RTR,IRN
IRCOVD=ECI,COVID19 Tot Cases WHO,IRN
IRDCOV=ECI,NCOV19 Deaths RTR,IRN
IRNCOV=ECI,NCOV19 New Cases RTR,IRN
IRRCOV=ECI,NCOV19 Recovered RTR,IRN
ISACOV=ECI,NCOV19 Act Cases RTR,ISL
ISCCOV=ECI,NCOV19 Tot Cases RTR,ISL
ISCOVD=ECI,COVID19 Tot Cases WHO,ISL
ISDCOV=ECI,NCOV19 Deaths RTR,ISL
ISNCOV=ECI,NCOV19 New Cases RTR,ISL
ISRCOV=ECI,NCOV19 Recovered RTR,ISL
ITACOV=ECI,NCOV19 Act Cases RTR,ITA
ITCCOV=ECI,NCOV19 Tot Cases RTR,ITA
ITCOVD=ECI,COVID19 Tot Cases WHO,ITA
ITDCOV=ECI,NCOV19 Deaths RTR,ITA
ITNCOV=ECI,NCOV19 New Cases RTR,ITA
ITRCOV=ECI,NCOV19 Recovered RTR,ITA
JECOVD=ECI,COVID19 Tot Cases WHO,JEY
JMACOV=ECI,NCOV19 Act Cases RTR,JAM
JMCCOV=ECI,NCOV19 Tot Cases RTR,JAM
JMCOVD=ECI,COVID19 Tot Cases WHO,JAM
JMDCOV=ECI,NCOV19 Deaths RTR,JAM
JMNCOV=ECI,NCOV19 New Cases RTR,JAM
JMRCOV=ECI,NCOV19 Recovered RTR,JAM
JOACOV=ECI,NCOV19 Act Cases RTR,JOR
JOCCOV=ECI,NCOV19 Tot Cases RTR,JOR
JOCOVD=ECI,COVID19 Tot Cases WHO,JOR
JODCOV=ECI,NCOV19 Deaths RTR,JOR
JONCOV=ECI,NCOV19 New Cases RTR,JOR
JORCOV=ECI,NCOV19 Recovered RTR,JOR
JPACOV=ECI,NCOV19 Act Cases RTR,JPN
JPCCOV=ECI,NCOV19 Tot Cases RTR,JPN
JPCOVD=ECI,COVID19 Tot Cases WHO,JPN
JPCOVP=ECI,COVID19 Tot Cases Diam Princs WH,JPN
JPDCOV=ECI,NCOV19 Deaths RTR,JPN
JPNCOV=ECI,NCOV19 New Cases RTR,JPN
JPRCOV=ECI,NCOV19 Recovered RTR,JPN
KEACOV=ECI,NCOV19 Act Cases RTR,KEN
KECCOV=ECI,NCOV19 Tot Cases RTR,KEN
KECOVD=ECI,COVID19 Tot Cases WHO,KEN
KEDCOV=ECI,NCOV19 Deaths RTR,KEN
KENCOV=ECI,NCOV19 New Cases RTR,KEN
KERCOV=ECI,NCOV19 Recovered RTR,KEN
KGACOV=ECI,NCOV19 Act Cases RTR,KGZ
KGCCOV=ECI,NCOV19 Tot Cases RTR,KGZ
KGCOVD=ECI,COVID19 Tot Cases WHO,KGZ
KGDCOV=ECI,NCOV19 Deaths RTR,KGZ
KGNCOV=ECI,NCOV19 New Cases RTR,KGZ
KGRCOV=ECI,NCOV19 Recovered RTR,KGZ
KHACOV=ECI,NCOV19 Act Cases RTR,KHM
KHCCOV=ECI,NCOV19 Tot Cases RTR,KHM
KHCOVD=ECI,COVID19 Tot Cases WHO,KHM
KHDCOV=ECI,NCOV19 Deaths RTR,KHM
KHNCOV=ECI,NCOV19 New Cases RTR,KHM
KHRCOV=ECI,NCOV19 Recovered RTR,KHM
KMACOV=ECI,NCOV19 Act Cases RTR,COM
KMCCOV=ECI,NCOV19 Tot Cases RTR,COM
KMCOVD=ECI,COVID19 Tot Cases WHO,COM
KMDCOV=ECI,NCOV19 Deaths RTR,COM
KMNCOV=ECI,NCOV19 New Cases RTR,COM
KMRCOV=ECI,NCOV19 Recovered RTR,COM
KNACOV=ECI,NCOV19 Act Cases RTR,KNA
KNCCOV=ECI,NCOV19 Tot Cases RTR,KNA
KNCOVD=ECI,COVID19 Tot Cases WHO,KNA
KNDCOV=ECI,NCOV19 Deaths RTR,KNA
KNNCOV=ECI,NCOV19 New Cases RTR,KNA
KNRCOV=ECI,NCOV19 Recovered RTR,KNA
KRACOV=ECI,NCOV19 Act Cases RTR,KOR
KRCCOV=ECI,NCOV19 Tot Cases RTR,KOR
KRCOVD=ECI,COVID19 Tot Cases WHO,KOR
KRDCOV=ECI,NCOV19 Deaths RTR,KOR
KRNCOV=ECI,NCOV19 New Cases RTR,KOR
KRRCOV=ECI,NCOV19 Recovered RTR,KOR
KWACOV=ECI,NCOV19 Act Cases RTR,KWT
KWCCOV=ECI,NCOV19 Tot Cases RTR,KWT
KWCOVD=ECI,COVID19 Tot Cases WHO,KWT
KWDCOV=ECI,NCOV19 Deaths RTR,KWT
KWNCOV=ECI,NCOV19 New Cases RTR,KWT
KWRCOV=ECI,NCOV19 Recovered RTR,KWT
KYACOV=ECI,NCOV19 Act Cases RTR,CYM
KYCCOV=ECI,NCOV19 Tot Cases RTR,CYM
KYCOVD=ECI,COVID19 Tot Cases WHO,CYM
KYDCOV=ECI,NCOV19 Deaths RTR,CYM
KYNCOV=ECI,NCOV19 New Cases RTR,CYM
KYRCOV=ECI,NCOV19 Recovered RTR,CYM
KZACOV=ECI,NCOV19 Act Cases RTR,KAZ
KZCCOV=ECI,NCOV19 Tot Cases RTR,KAZ
KZCOVD=ECI,COVID19 Tot Cases WHO,KAZ
KZDCOV=ECI,NCOV19 Deaths RTR,KAZ
KZNCOV=ECI,NCOV19 New Cases RTR,KAZ
KZRCOV=ECI,NCOV19 Recovered RTR,KAZ
LAACOV=ECI,NCOV19 Act Cases RTR,LAO
LACCOV=ECI,NCOV19 Tot Cases RTR,LAO
LACOVD=ECI,COVID19 Tot Cases WHO,LAO
LADCOV=ECI,NCOV19 Deaths RTR,LAO
LANCOV=ECI,NCOV19 New Cases RTR,LAO
LARCOV=ECI,NCOV19 Recovered RTR,LAO
LBACOV=ECI,NCOV19 Act Cases RTR,LBN
LBCCOV=ECI,NCOV19 Tot Cases RTR,LBN
LBCOVD=ECI,COVID19 Tot Cases WHO,LBN
LBDCOV=ECI,NCOV19 Deaths RTR,LBN
LBNCOV=ECI,NCOV19 New Cases RTR,LBN
LBRCOV=ECI,NCOV19 Recovered RTR,LBN
LCACOV=ECI,NCOV19 Act Cases RTR,LCA
LCCCOV=ECI,NCOV19 Tot Cases RTR,LCA
LCCOVD=ECI,COVID19 Tot Cases WHO,LCA
LCDCOV=ECI,NCOV19 Deaths RTR,LCA
LCNCOV=ECI,NCOV19 New Cases RTR,LCA
LCRCOV=ECI,NCOV19 Recovered RTR,LCA
LIACOV=ECI,NCOV19 Act Cases RTR,LIE
LICCOV=ECI,NCOV19 Tot Cases RTR,LIE
LICOVD=ECI,COVID19 Tot Cases WHO,LIE
LIDCOV=ECI,NCOV19 Deaths RTR,LIE
LINCOV=ECI,NCOV19 New Cases RTR,LIE
LIRCOV=ECI,NCOV19 Recovered RTR,LIE
LKACOV=ECI,NCOV19 Act Cases RTR,LKA
LKCCOV=ECI,NCOV19 Tot Cases RTR,LKA
LKCOVD=ECI,COVID19 Tot Cases WHO,LKA
LKDCOV=ECI,NCOV19 Deaths RTR,LKA
LKNCOV=ECI,NCOV19 New Cases RTR,LKA
LKRCOV=ECI,NCOV19 Recovered RTR,LKA
LRACOV=ECI,NCOV19 Act Cases RTR,LBR
LRCCOV=ECI,NCOV19 Tot Cases RTR,LBR
LRCOVD=ECI,COVID19 Tot Cases WHO,LBR
LRDCOV=ECI,NCOV19 Deaths RTR,LBR
LRNCOV=ECI,NCOV19 New Cases RTR,LBR
LRRCOV=ECI,NCOV19 Recovered RTR,LBR
LSACOV=ECI,NCOV19 Act Cases RTR,LSO
LSCCOV=ECI,NCOV19 Tot Cases RTR,LSO
LSCOVD=ECI,COVID19 Tot Cases WHO,LSO
LSDCOV=ECI,NCOV19 Deaths RTR,LSO
LSNCOV=ECI,NCOV19 New Cases RTR,LSO
LSRCOV=ECI,NCOV19 Recovered RTR,LSO
LTACOV=ECI,NCOV19 Act Cases RTR,LTU
LTCCOV=ECI,NCOV19 Tot Cases RTR,LTU
LTCOVD=ECI,COVID19 Tot Cases WHO,LTU
LTDCOV=ECI,NCOV19 Deaths RTR,LTU
LTNCOV=ECI,NCOV19 New Cases RTR,LTU
LTRCOV=ECI,NCOV19 Recovered RTR,LTU
LUACOV=ECI,NCOV19 Act Cases RTR,LUX
LUCCOV=ECI,NCOV19 Tot Cases RTR,LUX
LUCOVD=ECI,COVID19 Tot Cases WHO,LUX
LUDCOV=ECI,NCOV19 Deaths RTR,LUX
LUNCOV=ECI,NCOV19 New Cases RTR,LUX
LURCOV=ECI,NCOV19 Recovered RTR,LUX
LVACOV=ECI,NCOV19 Act Cases RTR,LVA
LVCCOV=ECI,NCOV19 Tot Cases RTR,LVA
LVCOVD=ECI,COVID19 Tot Cases WHO,LVA
LVDCOV=ECI,NCOV19 Deaths RTR,LVA
LVNCOV=ECI,NCOV19 New Cases RTR,LVA
LVRCOV=ECI,NCOV19 Recovered RTR,LVA
LYACOV=ECI,NCOV19 Act Cases RTR,LBY
LYCCOV=ECI,NCOV19 Tot Cases RTR,LBY
LYCOVD=ECI,COVID19 Tot Cases WHO,LBY
LYDCOV=ECI,NCOV19 Deaths RTR,LBY
LYNCOV=ECI,NCOV19 New Cases RTR,LBY
LYRCOV=ECI,NCOV19 Recovered RTR,LBY
MAACOV=ECI,NCOV19 Act Cases RTR,MOR
MACCOV=ECI,NCOV19 Tot Cases RTR,MOR
MACOVD=ECI,COVID19 Tot Cases WHO,MOR
MADCOV=ECI,NCOV19 Deaths RTR,MOR
MANCOV=ECI,NCOV19 New Cases RTR,MOR
MARCOV=ECI,NCOV19 Recovered RTR,MOR
MCACOV=ECI,NCOV19 Act Cases RTR,MCO
MCCCOV=ECI,NCOV19 Tot Cases RTR,MCO
MCCOVD=ECI,COVID19 Tot Cases WHO,MCO
MCDCOV=ECI,NCOV19 Deaths RTR,MCO
MCNCOV=ECI,NCOV19 New Cases RTR,MCO
MCRCOV=ECI,NCOV19 Recovered RTR,MCO
MDACOV=ECI,NCOV19 Act Cases RTR,MDA
MDCCOV=ECI,NCOV19 Tot Cases RTR,MDA
MDCOVD=ECI,COVID19 Tot Cases WHO,MDA
MDDCOV=ECI,NCOV19 Deaths RTR,MDA
MDNCOV=ECI,NCOV19 New Cases RTR,MDA
MDRCOV=ECI,NCOV19 Recovered RTR,MDA
MEACOV=ECI,NCOV19 Act Cases RTR,MNE
MECCOV=ECI,NCOV19 Tot Cases RTR,MNE
MECOVD=ECI,COVID19 Tot Cases WHO,MNE
MEDCOV=ECI,NCOV19 Deaths RTR,MNE
MENCOV=ECI,NCOV19 New Cases RTR,MNE
MERCOV=ECI,NCOV19 Recovered RTR,MNE
MGACOV=ECI,NCOV19 Act Cases RTR,MDG
MGCCOV=ECI,NCOV19 Tot Cases RTR,MDG
MGCOVD=ECI,COVID19 Tot Cases WHO,MDG
MGDCOV=ECI,NCOV19 Deaths RTR,MDG
MGNCOV=ECI,NCOV19 New Cases RTR,MDG
MGRCOV=ECI,NCOV19 Recovered RTR,MDG
MKACOV=ECI,NCOV19 Act Cases RTR,MKD
MKCCOV=ECI,NCOV19 Tot Cases RTR,MKD
MKCOVD=ECI,COVID19 Tot Cases WHO,MKD
MKDCOV=ECI,NCOV19 Deaths RTR,MKD
MKNCOV=ECI,NCOV19 New Cases RTR,MKD
MKRCOV=ECI,NCOV19 Recovered RTR,MKD
MLACOV=ECI,NCOV19 Act Cases RTR,MLI
MLCCOV=ECI,NCOV19 Tot Cases RTR,MLI
MLCOVD=ECI,COVID19 Tot Cases WHO,MLI
MLDCOV=ECI,NCOV19 Deaths RTR,MLI
MLNCOV=ECI,NCOV19 New Cases RTR,MLI
MLRCOV=ECI,NCOV19 Recovered RTR,MLI
MMACOV=ECI,NCOV19 Act Cases RTR,MMR
MMCCOV=ECI,NCOV19 Tot Cases RTR,MMR
MMCOVD=ECI,COVID19 Tot Cases WHO,MMR
MMDCOV=ECI,NCOV19 Deaths RTR,MMR
MMNCOV=ECI,NCOV19 New Cases RTR,MMR
MMRCOV=ECI,NCOV19 Recovered RTR,MMR
MNACOV=ECI,NCOV19 Act Cases RTR,MNG
MNCCOV=ECI,NCOV19 Tot Cases RTR,MNG
MNCOVD=ECI,COVID19 Tot Cases WHO,MNG
MNDCOV=ECI,NCOV19 Deaths RTR,MNG
MNNCOV=ECI,NCOV19 New Cases RTR,MNG
MNRCOV=ECI,NCOV19 Recovered RTR,MNG
MOACOV=ECI,NCOV19 Act Cases RTR,MAC
MOCCOV=ECI,NCOV19 Tot Cases RTR,MAC
MODCOV=ECI,NCOV19 Deaths RTR,MAC
MONCOV=ECI,NCOV19 New Cases RTR,MAC
MORCOV=ECI,NCOV19 Recovered RTR,MAC
MPCOVD=ECI,COVID19 Tot Cases WHO,MNP
MQACOV=ECI,NCOV19 Act Cases RTR,MTQ
MQCCOV=ECI,NCOV19 Tot Cases RTR,MTQ
MQCOVD=ECI,COVID19 Tot Cases WHO,MTQ
MQDCOV=ECI,NCOV19 Deaths RTR,MTQ
MQNCOV=ECI,NCOV19 New Cases RTR,MTQ
MQRCOV=ECI,NCOV19 Recovered RTR,MTQ
MRACOV=ECI,NCOV19 Act Cases RTR,MRT
MRCCOV=ECI,NCOV19 Tot Cases RTR,MRT
MRCOVD=ECI,COVID19 Tot Cases WHO,MRT
MRDCOV=ECI,NCOV19 Deaths RTR,MRT
MRNCOV=ECI,NCOV19 New Cases RTR,MRT
MRRCOV=ECI,NCOV19 Recovered RTR,MRT
MSACOV=ECI,NCOV19 Act Cases RTR,MSR
MSCCOV=ECI,NCOV19 Tot Cases RTR,MSR
MSCOVD=ECI,COVID19 Tot Cases WHO,MSR
MSDCOV=ECI,NCOV19 Deaths RTR,MSR
MSNCOV=ECI,NCOV19 New Cases RTR,MSR
MSRCOV=ECI,NCOV19 Recovered RTR,MSR
MTACOV=ECI,NCOV19 Act Cases RTR,MLT
MTCCOV=ECI,NCOV19 Tot Cases RTR,MLT
MTCOVD=ECI,COVID19 Tot Cases WHO,MLT
MTDCOV=ECI,NCOV19 Deaths RTR,MLT
MTNCOV=ECI,NCOV19 New Cases RTR,MLT
MTRCOV=ECI,NCOV19 Recovered RTR,MLT
MUACOV=ECI,NCOV19 Act Cases RTR,MUS
MUCCOV=ECI,NCOV19 Tot Cases RTR,MUS
MUCOVD=ECI,COVID19 Tot Cases WHO,MUS
MUDCOV=ECI,NCOV19 Deaths RTR,MUS
MUNCOV=ECI,NCOV19 New Cases RTR,MUS
MURCOV=ECI,NCOV19 Recovered RTR,MUS
MVACOV=ECI,NCOV19 Act Cases RTR,MDV
MVCCOV=ECI,NCOV19 Tot Cases RTR,MDV
MVCOVD=ECI,COVID19 Tot Cases WHO,MDV
MVDCOV=ECI,NCOV19 Deaths RTR,MDV
MVNCOV=ECI,NCOV19 New Cases RTR,MDV
MVRCOV=ECI,NCOV19 Recovered RTR,MDV
MWACOV=ECI,NCOV19 Act Cases RTR,MWI
MWCCOV=ECI,NCOV19 Tot Cases RTR,MWI
MWCOVD=ECI,COVID19 Tot Cases WHO,MWI
MWDCOV=ECI,NCOV19 Deaths RTR,MWI
MWNCOV=ECI,NCOV19 New Cases RTR,MWI
MXACOV=ECI,NCOV19 Act Cases RTR,MEX
MXCCOV=ECI,NCOV19 Tot Cases RTR,MEX
MXCOVD=ECI,COVID19 Tot Cases WHO,MEX
MXDCOV=ECI,NCOV19 Deaths RTR,MEX
MXNCOV=ECI,NCOV19 New Cases RTR,MEX
MXRCOV=ECI,NCOV19 Recovered RTR,MEX
MYACOV=ECI,NCOV19 Act Cases RTR,MYS
MYCCOV=ECI,NCOV19 Tot Cases RTR,MYS
MYCOVD=ECI,COVID19 Tot Cases WHO,MYS
MYDCOV=ECI,NCOV19 Deaths RTR,MYS
MYNCOV=ECI,NCOV19 New Cases RTR,MYS
MYRCOV=ECI,NCOV19 Recovered RTR,MYS
MZACOV=ECI,NCOV19 Act Cases RTR,MOZ
MZCCOV=ECI,NCOV19 Tot Cases RTR,MOZ
MZCOVD=ECI,COVID19 Tot Cases WHO,MOZ
MZDCOV=ECI,NCOV19 Deaths RTR,MOZ
MZNCOV=ECI,NCOV19 New Cases RTR,MOZ
MZRCOV=ECI,NCOV19 Recovered RTR,MOZ
NAACOV=ECI,NCOV19 Act Cases RTR,NAM
NACCOV=ECI,NCOV19 Tot Cases RTR,NAM
NACOVD=ECI,COVID19 Tot Cases WHO,NAM
NADCOV=ECI,NCOV19 Deaths RTR,NAM
NANCOV=ECI,NCOV19 New Cases RTR,NAM
NARCOV=ECI,NCOV19 Recovered RTR,NAM
NCACOV=ECI,NCOV19 Act Cases RTR,NCL
NCCCOV=ECI,NCOV19 Tot Cases RTR,NCL
NCCOVD=ECI,COVID19 Tot Cases WHO,NCL
NCDCOV=ECI,NCOV19 Deaths RTR,NCL
NCNCOV=ECI,NCOV19 New Cases RTR,NCL
NCRCOV=ECI,NCOV19 Recovered RTR,NCL
NEACOV=ECI,NCOV19 Act Cases RTR,NER
NECCOV=ECI,NCOV19 Tot Cases RTR,NER
NECOVD=ECI,COVID19 Tot Cases WHO,NER
NEDCOV=ECI,NCOV19 Deaths RTR,NER
NENCOV=ECI,NCOV19 New Cases RTR,NER
NERCOV=ECI,NCOV19 Recovered RTR,NER
NGACOV=ECI,NCOV19 Act Cases RTR,NGA
NGCCOV=ECI,NCOV19 Tot Cases RTR,NGA
NGCOVD=ECI,COVID19 Tot Cases WHO,NGA
NGDCOV=ECI,NCOV19 Deaths RTR,NGA
NGNCOV=ECI,NCOV19 New Cases RTR,NGA
NGRCOV=ECI,NCOV19 Recovered RTR,NGA
NIACOV=ECI,NCOV19 Act Cases RTR,NIC
NICCOV=ECI,NCOV19 Tot Cases RTR,NIC
NICOVD=ECI,COVID19 Tot Cases WHO,NIC
NIDCOV=ECI,NCOV19 Deaths RTR,NIC
NINCOV=ECI,NCOV19 New Cases RTR,NIC
NIRCOV=ECI,NCOV19 Recovered RTR,NIC
NLACOC=ECI,NCOV19 Act Cases Crbn Neth RTR,NLD
NLACOV=ECI,NCOV19 Act Cases RTR,NLD
NLCCOC=ECI,NCOV19 Tot Cases Crbn Neth RTR,NLD
NLCCOV=ECI,NCOV19 Tot Cases RTR,NLD
NLCOVC=ECI,COVID19 Tot Cases WHO,   
NLCOVD=ECI,COVID19 Tot Cases WHO,NLD
NLDCOC=ECI,NCOV19 Deaths Crbn Neth RTR,NLD
NLDCOV=ECI,NCOV19 Deaths RTR,NLD
NLNCOC=ECI,NCOV19 New Cases Crbn Neth RTR,NLD
NLNCOV=ECI,NCOV19 New Cases RTR,NLD
NLRCOC=ECI,NCOV19 Recovered Crbn Neth RTR,NLD
NLRCOV=ECI,NCOV19 Recovered RTR,NLD
NOACOV=ECI,NCOV19 Act Cases RTR,NOR
NOCCOV=ECI,NCOV19 Tot Cases RTR,NOR
NOCOVD=ECI,COVID19 Tot Cases WHO,NOR
NODCOV=ECI,NCOV19 Deaths RTR,NOR
NONCOV=ECI,NCOV19 New Cases RTR,NOR
NORCOV=ECI,NCOV19 Recovered RTR,NOR
NPACOV=ECI,NCOV19 Act Cases RTR,NPL
NPCCOV=ECI,NCOV19 Tot Cases RTR,NPL
NPCOVD=ECI,COVID19 Tot Cases WHO,NPL
NPDCOV=ECI,NCOV19 Deaths RTR,NPL
NPNCOV=ECI,NCOV19 New Cases RTR,NPL
NPRCOV=ECI,NCOV19 Recovered RTR,NPL
NZACOV=ECI,NCOV19 Act Cases RTR,NZL
NZCCOV=ECI,NCOV19 Tot Cases RTR,NZL
NZCOVD=ECI,COVID19 Tot Cases WHO,NZL
NZDCOV=ECI,NCOV19 Deaths RTR,NZL
NZNCOV=ECI,NCOV19 New Cases RTR,NZL
NZRCOV=ECI,NCOV19 Recovered RTR,NZL
OMACOV=ECI,NCOV19 Act Cases RTR,OMN
OMCCOV=ECI,NCOV19 Tot Cases RTR,OMN
OMCOVD=ECI,COVID19 Tot Cases WHO,OMN
OMDCOV=ECI,NCOV19 Deaths RTR,OMN
OMNCOV=ECI,NCOV19 New Cases RTR,OMN
OMRCOV=ECI,NCOV19 Recovered RTR,OMN
PAACOV=ECI,NCOV19 Act Cases RTR,PAN
PACCOV=ECI,NCOV19 Tot Cases RTR,PAN
PACOVD=ECI,COVID19 Tot Cases WHO,PAN
PADCOV=ECI,NCOV19 Deaths RTR,PAN
PANCOV=ECI,NCOV19 New Cases RTR,PAN
PARCOV=ECI,NCOV19 Recovered RTR,PAN
PEACOV=ECI,NCOV19 Act Cases RTR,PER
PECCOV=ECI,NCOV19 Tot Cases RTR,PER
PECOVD=ECI,COVID19 Tot Cases WHO,PER
PEDCOV=ECI,NCOV19 Deaths RTR,PER
PENCOV=ECI,NCOV19 New Cases RTR,PER
PERCOV=ECI,NCOV19 Recovered RTR,PER
PFACOV=ECI,NCOV19 Act Cases RTR,PYF
PFCCOV=ECI,NCOV19 Tot Cases RTR,PYF
PFCOVD=ECI,COVID19 Tot Cases WHO,PYF
PFDCOV=ECI,NCOV19 Deaths RTR,PYF
PFNCOV=ECI,NCOV19 New Cases RTR,PYF
PFRCOV=ECI,NCOV19 Recovered RTR,PYF
PGACOV=ECI,NCOV19 Act Cases RTR,PNG
PGCCOV=ECI,NCOV19 Tot Cases RTR,PNG
PGCOVD=ECI,COVID19 Tot Cases WHO,PNG
PGDCOV=ECI,NCOV19 Deaths RTR,PNG
PGNCOV=ECI,NCOV19 New Cases RTR,PNG
PGRCOV=ECI,NCOV19 Recovered RTR,PNG
PHACOV=ECI,NCOV19 Act Cases RTR,PHL
PHCCOV=ECI,NCOV19 Tot Cases RTR,PHL
PHCOVD=ECI,COVID19 Tot Cases WHO,PHL
PHDCOV=ECI,NCOV19 Deaths RTR,PHL
PHNCOV=ECI,NCOV19 New Cases RTR,PHL
PHRCOV=ECI,NCOV19 Recovered RTR,PHL
PKACOV=ECI,NCOV19 Act Cases RTR,PAK
PKCCOV=ECI,NCOV19 Tot Cases RTR,PAK
PKCOVD=ECI,COVID19 Tot Cases WHO,PAK
PKDCOV=ECI,NCOV19 Deaths RTR,PAK
PKNCOV=ECI,NCOV19 New Cases RTR,PAK
PKRCOV=ECI,NCOV19 Recovered RTR,PAK
PLACOV=ECI,NCOV19 Act Cases RTR,POL
PLCCOV=ECI,NCOV19 Tot Cases RTR,POL
PLCOVD=ECI,COVID19 Tot Cases WHO,POL
PLDCOV=ECI,NCOV19 Deaths RTR,POL
PLNCOV=ECI,NCOV19 New Cases RTR,POL
PLRCOV=ECI,NCOV19 Recovered RTR,POL
PMACOV=ECI,NCOV19 Act Cases RTR,SPM
PMCCOV=ECI,NCOV19 Tot Cases RTR,SPM
PMCOVD=ECI,COVID19 Tot Cases WHO,SPM
PMDCOV=ECI,NCOV19 Deaths RTR,SPM
PMNCOV=ECI,NCOV19 New Cases RTR,SPM
PMRCOV=ECI,NCOV19 Recovered RTR,SPM
PRACOV=ECI,NCOV19 Act Cases RTR,PRI
PRCCOV=ECI,NCOV19 Tot Cases RTR,PRI
PRCOVD=ECI,COVID19 Tot Cases WHO,PRI
PRDCOV=ECI,NCOV19 Deaths RTR,PRI
PRNCOV=ECI,NCOV19 New Cases RTR,PRI
PRRCOV=ECI,NCOV19 Recovered RTR,PRI
PSACOV=ECI,NCOV19 Act Cases RTR,PSE
PSCCOV=ECI,NCOV19 Tot Cases RTR,PSE
PSCOVD=ECI,COVID19 Tot Cases WHO,PSE
PSDCOV=ECI,NCOV19 Deaths RTR,PSE
PSNCOV=ECI,NCOV19 New Cases RTR,PSE
PSRCOV=ECI,NCOV19 Recovered RTR,PSE
PTACOV=ECI,NCOV19 Act Cases RTR,PRT
PTCCOV=ECI,NCOV19 Tot Cases RTR,PRT
PTCOVD=ECI,COVID19 Tot Cases WHO,PRT
PTDCOV=ECI,NCOV19 Deaths RTR,PRT
PTNCOV=ECI,NCOV19 New Cases RTR,PRT
PTRCOV=ECI,NCOV19 Recovered RTR,PRT
PYACOV=ECI,NCOV19 Act Cases RTR,PRY
PYCCOV=ECI,NCOV19 Tot Cases RTR,PRY
PYCOVD=ECI,COVID19 Tot Cases WHO,PRY
PYDCOV=ECI,NCOV19 Deaths RTR,PRY
PYNCOV=ECI,NCOV19 New Cases RTR,PRY
PYRCOV=ECI,NCOV19 Recovered RTR,PRY
QAACOV=ECI,NCOV19 Act Cases RTR,QAT
QACCOV=ECI,NCOV19 Tot Cases RTR,QAT
QACOVD=ECI,COVID19 Tot Cases WHO,QAT
QADCOV=ECI,NCOV19 Deaths RTR,QAT
QANCOV=ECI,NCOV19 New Cases RTR,QAT
QARCOV=ECI,NCOV19 Recovered RTR,QAT
REACOV=ECI,NCOV19 Act Cases RTR,REU
RECCOV=ECI,NCOV19 Tot Cases RTR,REU
RECOVD=ECI,COVID19 Tot Cases WHO,REU
REDCOV=ECI,NCOV19 Deaths RTR,REU
RENCOV=ECI,NCOV19 New Cases RTR,REU
RERCOV=ECI,NCOV19 Recovered RTR,REU
ROACOV=ECI,NCOV19 Act Cases RTR,ROM
ROCCOV=ECI,NCOV19 Tot Cases RTR,ROM
ROCOVD=ECI,COVID19 Tot Cases WHO,ROM
RODCOV=ECI,NCOV19 Deaths RTR,ROM
RONCOV=ECI,NCOV19 New Cases RTR,ROM
RORCOV=ECI,NCOV19 Recovered RTR,ROM
RSACOV=ECI,NCOV19 Act Cases RTR,SRB
RSCCOV=ECI,NCOV19 Tot Cases RTR,SRB
RSCOVD=ECI,COVID19 Tot Cases WHO,SRB
RSDCOV=ECI,NCOV19 Deaths RTR,SRB
RSNCOV=ECI,NCOV19 New Cases RTR,SRB
RSRCOV=ECI,NCOV19 Recovered RTR,SRB
RUACOV=ECI,NCOV19 Act Cases RTR,RUS
RUCCOV=ECI,NCOV19 Tot Cases RTR,RUS
RUCOVD=ECI,COVID19 Tot Cases WHO,RUS
RUDCOV=ECI,NCOV19 Deaths RTR,RUS
RUNCOV=ECI,NCOV19 New Cases RTR,RUS
RURCOV=ECI,NCOV19 Recovered RTR,RUS
RWACOV=ECI,NCOV19 Act Cases RTR,RWA
RWCCOV=ECI,NCOV19 Tot Cases RTR,RWA
RWCOVD=ECI,COVID19 Tot Cases WHO,RWA
RWDCOV=ECI,NCOV19 Deaths RTR,RWA
RWNCOV=ECI,NCOV19 New Cases RTR,RWA
RWRCOV=ECI,NCOV19 Recovered RTR,RWA
SAACOV=ECI,NCOV19 Act Cases RTR,SAU
SACCOV=ECI,NCOV19 Tot Cases RTR,SAU
SACOVD=ECI,COVID19 Tot Cases WHO,SAU
SADCOV=ECI,NCOV19 Deaths RTR,SAU
SANCOV=ECI,NCOV19 New Cases RTR,SAU
SARCOV=ECI,NCOV19 Recovered RTR,SAU
SCACOV=ECI,NCOV19 Act Cases RTR,SYC
SCCCOV=ECI,NCOV19 Tot Cases RTR,SYC
SCCOVD=ECI,COVID19 Tot Cases WHO,SYC
SCDCOV=ECI,NCOV19 Deaths RTR,SYC
SCNCOV=ECI,NCOV19 New Cases RTR,SYC
SCRCOV=ECI,NCOV19 Recovered RTR,SYC
SDACOV=ECI,NCOV19 Act Cases RTR,SDN
SDCCOV=ECI,NCOV19 Tot Cases RTR,SDN
SDCOVD=ECI,COVID19 Tot Cases WHO,SDN
SDDCOV=ECI,NCOV19 Deaths RTR,SDN
SDNCOV=ECI,NCOV19 New Cases RTR,SDN
SDRCOV=ECI,NCOV19 Recovered RTR,SDN
SEACOV=ECI,NCOV19 Act Cases RTR,SWE
SECCOV=ECI,NCOV19 Tot Cases RTR,SWE
SECOVD=ECI,COVID19 Tot Cases WHO,SWE
SEDCOV=ECI,NCOV19 Deaths RTR,SWE
SENCOV=ECI,NCOV19 New Cases RTR,SWE
SERCOV=ECI,NCOV19 Recovered RTR,SWE
SGACOV=ECI,NCOV19 Act Cases RTR,SGP
SGCCOV=ECI,NCOV19 Tot Cases RTR,SGP
SGCOVD=ECI,COVID19 Tot Cases WHO,SGP
SGDCOV=ECI,NCOV19 Deaths RTR,SGP
SGNCOV=ECI,NCOV19 New Cases RTR,SGP
SGRCOV=ECI,NCOV19 Recovered RTR,SGP
SIACOV=ECI,NCOV19 Act Cases RTR,SVN
SICCOV=ECI,NCOV19 Tot Cases RTR,SVN
SICOVD=ECI,COVID19 Tot Cases WHO,SVN
SIDCOV=ECI,NCOV19 Deaths RTR,SVN
SINCOV=ECI,NCOV19 New Cases RTR,SVN
SIRCOV=ECI,NCOV19 Recovered RTR,SVN
SKACOV=ECI,NCOV19 Act Cases RTR,SVK
SKCCOV=ECI,NCOV19 Tot Cases RTR,SVK
SKCOVD=ECI,COVID19 Tot Cases WHO,SVK
SKDCOV=ECI,NCOV19 Deaths RTR,SVK
SKNCOV=ECI,NCOV19 New Cases RTR,SVK
SKRCOV=ECI,NCOV19 Recovered RTR,SVK
SMACOV=ECI,NCOV19 Act Cases RTR,SMR
SMCCOV=ECI,NCOV19 Tot Cases RTR,SMR
SMCOVD=ECI,COVID19 Tot Cases WHO,SMR
SMDCOV=ECI,NCOV19 Deaths RTR,SMR
SMNCOV=ECI,NCOV19 New Cases RTR,SMR
SMRCOV=ECI,NCOV19 Recovered RTR,SMR
SNACOV=ECI,NCOV19 Act Cases RTR,SEN
SNCCOV=ECI,NCOV19 Tot Cases RTR,SEN
SNCOVD=ECI,COVID19 Tot Cases WHO,SEN
SNDCOV=ECI,NCOV19 Deaths RTR,SEN
SNNCOV=ECI,NCOV19 New Cases RTR,SEN
SNRCOV=ECI,NCOV19 Recovered RTR,SEN
SOACOV=ECI,NCOV19 Act Cases RTR,SOM
SOCCOV=ECI,NCOV19 Tot Cases RTR,SOM
SOCOVD=ECI,COVID19 Tot Cases WHO,SOM
SODCOV=ECI,NCOV19 Deaths RTR,SOM
SONCOV=ECI,NCOV19 New Cases RTR,SOM
SORCOV=ECI,NCOV19 Recovered RTR,SOM
SRACOV=ECI,NCOV19 Act Cases RTR,SUR
SRCCOV=ECI,NCOV19 Tot Cases RTR,SUR
SRCOVD=ECI,COVID19 Tot Cases WHO,SUR
SRDCOV=ECI,NCOV19 Deaths RTR,SUR
SRNCOV=ECI,NCOV19 New Cases RTR,SUR
SRRCOV=ECI,NCOV19 Recovered RTR,SUR
SSACOV=ECI,NCOV19 Act Cases RTR,SSD
SSCCOV=ECI,NCOV19 Tot Cases RTR,SSD
SSCOVD=ECI,COVID19 Tot Cases WHO,SSD
SSDCOV=ECI,NCOV19 Deaths RTR,SSD
SSNCOV=ECI,NCOV19 New Cases RTR,SSD
SSRCOV=ECI,NCOV19 Recovered RTR,SSD
STACOV=ECI,NCOV19 Act Cases RTR,STP
STCCOV=ECI,NCOV19 Tot Cases RTR,STP
STCOVD=ECI,COVID19 Tot Cases WHO,STP
STDCOV=ECI,NCOV19 Deaths RTR,STP
STNCOV=ECI,NCOV19 New Cases RTR,STP
STRCOV=ECI,NCOV19 Recovered RTR,STP
SVACOV=ECI,NCOV19 Act Cases RTR,SLV
SVCCOV=ECI,NCOV19 Tot Cases RTR,SLV
SVCOVD=ECI,COVID19 Tot Cases WHO,SLV
SVDCOV=ECI,NCOV19 Deaths RTR,SLV
SVNCOV=ECI,NCOV19 New Cases RTR,SLV
SVRCOV=ECI,NCOV19 Recovered RTR,SLV
SXACOV=ECI,NCOV19 Act Cases RTR,SXM
SXCCOV=ECI,NCOV19 Tot Cases RTR,SXM
SXCOVD=ECI,COVID19 Tot Cases WHO,SXM
SXDCOV=ECI,NCOV19 Deaths RTR,SXM
SXNCOV=ECI,NCOV19 New Cases RTR,SXM
SXRCOV=ECI,NCOV19 Recovered RTR,SXM
SYACOV=ECI,NCOV19 Act Cases RTR,SYR
SYCCOV=ECI,NCOV19 Tot Cases RTR,SYR
SYCOVD=ECI,COVID19 Tot Cases WHO,SYR
SYDCOV=ECI,NCOV19 Deaths RTR,SYR
SYNCOV=ECI,NCOV19 New Cases RTR,SYR
SYRCOV=ECI,NCOV19 Recovered RTR,SYR
SZACOV=ECI,NCOV19 Act Cases RTR,   
SZCCOV=ECI,NCOV19 Tot Cases RTR,   
SZCOVD=ECI,COVID19 Tot Cases WHO,EST
SZDCOV=ECI,NCOV19 Deaths RTR,   
SZNCOV=ECI,NCOV19 New Cases RTR,   
SZRCOV=ECI,NCOV19 Recovered RTR,   
TCACOV=ECI,NCOV19 Act Cases RTR,TCA
TCCCOV=ECI,NCOV19 Tot Cases RTR,TCA
TCCOVD=ECI,COVID19 Tot Cases WHO,TCA
TCDCOV=ECI,NCOV19 Deaths RTR,TCA
TCNCOV=ECI,NCOV19 New Cases RTR,TCA
TCRCOV=ECI,NCOV19 Recovered RTR,TCA
TDACOV=ECI,NCOV19 Act Cases RTR,TCD
TDCCOV=ECI,NCOV19 Tot Cases RTR,TCD
TDCOVD=ECI,COVID19 Tot Cases WHO,TCD
TDDCOV=ECI,NCOV19 Deaths RTR,TCD
TDNCOV=ECI,NCOV19 New Cases RTR,TCD
TDRCOV=ECI,NCOV19 Recovered RTR,TCD
TGACOV=ECI,NCOV19 Act Cases RTR,TGO
TGCCOV=ECI,NCOV19 Tot Cases RTR,TGO
TGCOVD=ECI,COVID19 Tot Cases WHO,TGO
TGDCOV=ECI,NCOV19 Deaths RTR,TGO
TGNCOV=ECI,NCOV19 New Cases RTR,TGO
TGRCOV=ECI,NCOV19 Recovered RTR,TGO
THACOV=ECI,NCOV19 Act Cases RTR,THA
THCCOV=ECI,NCOV19 Tot Cases RTR,THA
THCOVD=ECI,COVID19 Tot Cases WHO,THA
THDCOV=ECI,NCOV19 Deaths RTR,THA
THNCOV=ECI,NCOV19 New Cases RTR,THA
THRCOV=ECI,NCOV19 Recovered RTR,THA
TJACOV=ECI,NCOV19 Act Cases RTR,TJK
TJCCOV=ECI,NCOV19 Tot Cases RTR,TJK
TJCOVD=ECI,COVID19 Tot Cases WHO,TJK
TJDCOV=ECI,NCOV19 Deaths RTR,TJK
TJNCOV=ECI,NCOV19 New Cases RTR,TJK
TJRCOV=ECI,NCOV19 Recovered RTR,TJK
TLACOV=ECI,NCOV19 Act Cases RTR,TLS
TLCCOV=ECI,NCOV19 Tot Cases RTR,TLS
TLCOVD=ECI,COVID19 Tot Cases WHO,TLS
TLDCOV=ECI,NCOV19 Deaths RTR,TLS
TLNCOV=ECI,NCOV19 New Cases RTR,TLS
TLRCOV=ECI,NCOV19 Recovered RTR,TLS
TNACOV=ECI,NCOV19 Act Cases RTR,TUN
TNCCOV=ECI,NCOV19 Tot Cases RTR,TUN
TNCOVD=ECI,COVID19 Tot Cases WHO,TUN
TNDCOV=ECI,NCOV19 Deaths RTR,TUN
TNNCOV=ECI,NCOV19 New Cases RTR,TUN
TNRCOV=ECI,NCOV19 Recovered RTR,TUN
TRACOV=ECI,NCOV19 Act Cases RTR,TUR
TRCCOV=ECI,NCOV19 Tot Cases RTR,TUR
TRCOVD=ECI,COVID19 Tot Cases WHO,TUR
TRDCOV=ECI,NCOV19 Deaths RTR,TUR
TRNCOV=ECI,NCOV19 New Cases RTR,TUR
TRRCOV=ECI,NCOV19 Recovered RTR,TUR
TTACOV=ECI,NCOV19 Act Cases RTR,TTO
TTCCOV=ECI,NCOV19 Tot Cases RTR,TTO
TTCOVD=ECI,COVID19 Tot Cases WHO,TTO
TTDCOV=ECI,NCOV19 Deaths RTR,TTO
TTNCOV=ECI,NCOV19 New Cases RTR,TTO
TTRCOV=ECI,NCOV19 Recovered RTR,TTO
TZACOV=ECI,NCOV19 Act Cases RTR,TZA
TZCCOV=ECI,NCOV19 Tot Cases RTR,TZA
TZCOVD=ECI,COVID19 Tot Cases WHO,TZA
TZDCOV=ECI,NCOV19 Deaths RTR,TZA
TZNCOV=ECI,NCOV19 New Cases RTR,TZA
TZRCOV=ECI,NCOV19 Recovered RTR,TZA
UAACOV=ECI,NCOV19 Act Cases RTR,UKR
UACCOV=ECI,NCOV19 Tot Cases RTR,UKR
UACOVD=ECI,COVID19 Tot Cases WHO,UKR
UADCOV=ECI,NCOV19 Deaths RTR,UKR
UANCOV=ECI,NCOV19 New Cases RTR,UKR
UARCOV=ECI,NCOV19 Recovered RTR,UKR
UGACOV=ECI,NCOV19 Act Cases RTR,UGA
UGCCOV=ECI,NCOV19 Tot Cases RTR,UGA
UGCOVD=ECI,COVID19 Tot Cases WHO,UGA
UGDCOV=ECI,NCOV19 Deaths RTR,UGA
UGNCOV=ECI,NCOV19 New Cases RTR,UGA
UGRCOV=ECI,NCOV19 Recovered RTR,UGA
USACOV=ECI,NCOV19 Act Cases RTR,USA
USCCOV=ECI,NCOV19 Tot Cases RTR,USA
USCOVD=ECI,COVID19 Tot Cases WHO,USA
USDCOV=ECI,NCOV19 Deaths RTR,USA
USNCOV=ECI,NCOV19 New Cases RTR,USA
USRCOV=ECI,NCOV19 Recovered RTR,USA
UYACOV=ECI,NCOV19 Act Cases RTR,URY
UYCCOV=ECI,NCOV19 Tot Cases RTR,URY
UYCOVD=ECI,COVID19 Tot Cases WHO,URY
UYDCOV=ECI,NCOV19 Deaths RTR,URY
UYNCOV=ECI,NCOV19 New Cases RTR,URY
UYRCOV=ECI,NCOV19 Recovered RTR,URY
UZACOV=ECI,NCOV19 Act Cases RTR,UZB
UZCCOV=ECI,NCOV19 Tot Cases RTR,UZB
UZCOVD=ECI,COVID19 Tot Cases WHO,UZB
UZDCOV=ECI,NCOV19 Deaths RTR,UZB
UZNCOV=ECI,NCOV19 New Cases RTR,UZB
UZRCOV=ECI,NCOV19 Recovered RTR,UZB
VAACOV=ECI,NCOV19 Act Cases RTR,VAT
VACCOV=ECI,NCOV19 Tot Cases RTR,VAT
VACOVD=ECI,COVID19 Tot Cases WHO,VAT
VADCOV=ECI,NCOV19 Deaths RTR,VAT
VANCOV=ECI,NCOV19 New Cases RTR,VAT
VARCOV=ECI,NCOV19 Recovered RTR,VAT
VCACOV=ECI,NCOV19 Act Cases RTR,VCT
VCCCOV=ECI,NCOV19 Tot Cases RTR,VCT
VCCOVD=ECI,COVID19 Tot Cases WHO,VCT
VCDCOV=ECI,NCOV19 Deaths RTR,VCT
VCNCOV=ECI,NCOV19 New Cases RTR,VCT
VCRCOV=ECI,NCOV19 Recovered RTR,VCT
VEACOV=ECI,NCOV19 Act Cases RTR,VEN
VECCOV=ECI,NCOV19 Tot Cases RTR,VEN
VECOVD=ECI,COVID19 Tot Cases WHO,VEN
VEDCOV=ECI,NCOV19 Deaths RTR,VEN
VENCOV=ECI,NCOV19 New Cases RTR,VEN
VERCOV=ECI,NCOV19 Recovered RTR,VEN
VGACOV=ECI,NCOV19 Act Cases RTR,VGB
VGCCOV=ECI,NCOV19 Tot Cases RTR,VGB
VGCOVD=ECI,COVID19 Tot Cases WHO,VIR
VGDCOV=ECI,NCOV19 Deaths RTR,VGB
VGNCOV=ECI,NCOV19 New Cases RTR,VGB
VGRCOV=ECI,NCOV19 Recovered RTR,VGB
VIACOV=ECI,NCOV19 Act Cases RTR,VIR
VICCOV=ECI,NCOV19 Tot Cases RTR,VIR
VICOVD=ECI,COVID19 Tot Cases WHO,VIR
VIDCOV=ECI,NCOV19 Deaths RTR,VIR
VINCOV=ECI,NCOV19 New Cases RTR,VIR
VIRCOV=ECI,NCOV19 Recovered RTR,VIR
VNACOV=ECI,NCOV19 Act Cases RTR,VNM
VNCCOV=ECI,NCOV19 Tot Cases RTR,VNM
VNCOVD=ECI,COVID19 Tot Cases WHO,VNM
VNDCOV=ECI,NCOV19 Deaths RTR,VNM
VNNCOV=ECI,NCOV19 New Cases RTR,VNM
VNRCOV=ECI,NCOV19 Recovered RTR,VNM
XKACOV=ECI,NCOV19 Act Cases RTR,   
XKCCOV=ECI,NCOV19 Tot Cases RTR,   
XKCOVD=ECI,COVID19 Tot Cases WHO,   
XKDCOV=ECI,NCOV19 Deaths RTR,   
XKNCOV=ECI,NCOV19 New Cases RTR,   
XKRCOV=ECI,NCOV19 Recovered RTR,   
XWACOV=ECI,NCOV19 Act Cases RTR,WOL
XWCCOV=ECI,NCOV19 Tot Cases RTR,WOL
XWCOVD=ECI,COVID19 Tot Cases WHO,WOL
XWDCOV=ECI,NCOV19 Deaths RTR,WOL
XWNCOV=ECI,NCOV19 New Cases RTR,WOL
XWRCOV=ECI,NCOV19 Recovered RTR,WOL
YEACOV=ECI,NCOV19 Act Cases RTR,YEM
YECCOV=ECI,NCOV19 Tot Cases RTR,YEM
YECOVD=ECI,COVID19 Tot Cases WHO,YEM
YEDCOV=ECI,NCOV19 Deaths RTR,YEM
YENCOV=ECI,NCOV19 New Cases RTR,YEM
YERCOV=ECI,NCOV19 Recovered RTR,YEM
YTACOV=ECI,NCOV19 Act Cases RTR,MYT
YTCCOV=ECI,NCOV19 Tot Cases RTR,MYT
YTCOVD=ECI,COVID19 Tot Cases WHO,MYT
YTDCOV=ECI,NCOV19 Deaths RTR,MYT
YTNCOV=ECI,NCOV19 New Cases RTR,MYT
YTRCOV=ECI,NCOV19 Recovered RTR,MYT
ZAACOV=ECI,NCOV19 Act Cases RTR,ZAF
ZACCOV=ECI,NCOV19 Tot Cases RTR,ZAF
ZACOVD=ECI,COVID19 Tot Cases WHO,ZAF
ZADCOV=ECI,NCOV19 Deaths RTR,ZAF
ZANCOV=ECI,NCOV19 New Cases RTR,ZAF
ZARCOV=ECI,NCOV19 Recovered RTR,ZAF
ZMACOV=ECI,NCOV19 Act Cases RTR,ZMB
ZMCCOV=ECI,NCOV19 Tot Cases RTR,ZMB
ZMCOVD=ECI,COVID19 Tot Cases WHO,ZMB
ZMDCOV=ECI,NCOV19 Deaths RTR,ZMB
ZMNCOV=ECI,NCOV19 New Cases RTR,ZMB
ZMRCOV=ECI,NCOV19 Recovered RTR,ZMB
ZWACOV=ECI,NCOV19 Act Cases RTR,ZWE
ZWCCOV=ECI,NCOV19 Tot Cases RTR,ZWE
ZWCOVD=ECI,COVID19 Tot Cases WHO,ZWE
ZWDCOV=ECI,NCOV19 Deaths RTR,ZWE
ZWNCOV=ECI,NCOV19 New Cases RTR,ZWE
ZWRCOV=ECI,NCOV19 Recovered RTR,ZWE
